query,type,gold_uid
information debt collector debt,keyword,RYaR2WYJssw5xcPvPXCJgp
credit union share draft account,keyword,7z2jYhbY4ZiG8DKHh2mSn3
can i apply for a credit card with one set of terms but was turned down and offered the chance to apply for a different card with different terms?,paraphrase,GgS3M8h8998z6nc5mPR5vA
if my credit card doesn't work what can i do?,paraphrase,CVcjcDMjxsqCizWrsT3R5u
request credit report child,keyword,CE3RKEmS4ujtA2TfE3v2KP
why do my debts not show up in my credit report?,paraphrase,VeSbuPsfsDh5XxQ8LH5qZC
tell difference debt relief organization credit counseling company,keyword,dJDH9LzfJAEvDZNmypii4E
how does a payroll card workplace billing system work? are there any fees?,paraphrase,WjNXwrsrkuXEuWXxXftu6x
why does a co-signer need to be the lender in order to get car financing?,paraphrase,XtgGJoXSC3ZPvL4kydNmB5
can i use a prepaid card in other countries?,paraphrase,35nvF7XW2YrWau3ksVFNL4
when we are sued for a dui what do we do if you can't go to court or a default judgment is entered because you didn't appear in court?,paraphrase,ed2Xtgr7YrcELS7WsjnXiw
s payoff,keyword,Kw7sgdHew7CHduoEELbdKg
possible deserve gi bill,keyword,5nQXeRyQ5B2jVKhiLGrurt
should i refinance my federal student loan with a lower rate?,paraphrase,SGtYAyKWhhKDH5WDodUAXn
i can't afford to pay a student loan what can i do?,paraphrase,aScNchhyxof4uQvWjUye5X
long find credit report error corrected,keyword,6EerzqgAKrT8RWGFx3ckD8
temporary assistance mortgage,keyword,RLzdbFg588ZBSdddeK7u6i
price addons extended warranty guaranteed auto protection gap insurance negotiable,keyword,hRUHBSrL8QUsodmwv4nFoU
tell kids saving investing,keyword,iQsGLNv9FrZK9b8NgUsgDE
s credit score,keyword,Xr25gnm3Z4uq7YV7ght5rU
how can i inform my daughter about the deductions on her income tax return?,paraphrase,MCKvpnk5uUZEhdyzw7TwYt
can i get a low interest rate on cds?,paraphrase,RtdYLEcB6s4z6bpDK2hPgW
what are short sale terms?,paraphrase,LrMojWphJoG2LrW5uhR3fm
is the credit repair program worth enrolling?,paraphrase,SxmxcjsYS57xsRuu2gVtMZ
time rescind,keyword,gtNKwdu3Qmep7fRduuMhQ3
how does a zero-rate balance transfer account work?,paraphrase,MKWRAL6DB9uX2UbzUNwVuh
use federal benefit card benefits,keyword,HANBhJDjuXNWJgoBd8hBhv
can a credit reporting agency know about my personal information?,paraphrase,dW2zyP4M2VDjxWp7eJJYkR
how do i obtain a free credit report?,paraphrase,SGM2ARoseU6iZz8JgVvmZH
how is pace funding implemented?,paraphrase,A7MJ3FQ3hjbgtG5gDWug7r
tell me the difference between a mortgage broker and a lender?,paraphrase,VkNkpr4HfxgpojP7PrdMn9
how will my student loans be repaid?,paraphrase,ghZQfnxGtRdsYngEdWm9Th
contact car dealer violating law,keyword,mX6kySdqmYTQHJiEDEzirm
how do you find out who to pay out on student loans for private students?,paraphrase,S3EXJvuC6Yzfe3vhBnVpWb
which are the better private and federal student loans?,paraphrase,aM5LGCi97zAaiKrp8fhJc8
tell use forbearance,keyword,ReonzERLTmSSoxmt9cjSpb
shopping explain children nt afford buy children want,keyword,F2UzjHxGeT7MdHe7fnLmft
should i have my spouse to sign a mortgage for me? is that possible?,paraphrase,KGVTjBTmQySDaN7JQgzVM6
auto loan going help improve credit score,keyword,ciUtTUwceqq57h23389mgT
how do i know if i am eligible for paye?,paraphrase,LGXLuLSBEfyqcepVn5Y4cE
tell concept initial escrow deposit,keyword,kdfxxv4dwahsJde5kMTTBi
how do i get rid of credit card debt?,paraphrase,fK5p7Gsy8CSu2kLYMdjn2j
protected new rules international money transfers,keyword,XMYxUcrU7qSAT9VepwQgLC
credit insurance auto loan,keyword,o4WqzW2AGnCe3eL6k278nx
can a credit card issuer turn down an application in my own name if i want my own identity protected against fraudulent claims?,paraphrase,NGSF4rjFZbX83XTiTfoY9V
what is difference between an apr and an interest rate on a mortgage?,paraphrase,dP7oaLEptqoQU4VFTSANtd
employers know credit checks,keyword,b9cbKbxfBnC3D6SjRWnGrz
can i be released from a private student loan?,paraphrase,9SYeq8AKX3Qjw8iaq7MdPn
tell me the best way to reload a prepaid card via direct deposit?,paraphrase,4xjNLWTLTBVbPMPo48dRSH
i have lost my monthly disability settlement payments what are some of the possible side effects?,paraphrase,bzMJvoAJjvQP6Jx6qes54G
type reverse mortgage better,keyword,MJ9GpCZmYStgo4KKzXDzo3
pay childs credit card,keyword,iBTd6Zp6VM3nFQSVKagJvY
can i refinance my student loan into a student loan with a lower rate?,paraphrase,Z6RWTkb98TpE6pwFimwGF7
nt find money sale pay loan,keyword,YmwHZeUTnGhqJrMbbmHAp8
short sale terms,keyword,LrMojWphJoG2LrW5uhR3fm
student loans affect income,keyword,UfkyoENQDyoj6rjWcaLeTg
refinance student loans home equity,keyword,dyXn5eF4sHDFCEEeSjUnUT
know medical payment history,keyword,WxJkKNP33ovVydhNWXRfP4
ask lender dealer separation child support child support division maintenance receive apply car loan,keyword,2sLA4T4QLezizyB6gKhBKn
tell mechanism graduate repayment,keyword,i8jRKRgg9GYc4TULJtQTMr
tell me the best way to see the documents before signing the contract?,paraphrase,M8QBXA3Lts25epU99fYsDx
cfpb lawsuit,keyword,UpBWrMaqK3wco4Cx22P88z
how do i complete a final disclosure?,paraphrase,cSezYUqyMsmevaU5SPWxX2
need charge joint card,keyword,GsNukoAMqbhqKApbJ2ZJi8
how does mandatory binding arbitration work?,paraphrase,duWyuNqjdy2R9vnA9Eutz8
should i have a checking account that pays interest on an investment?,paraphrase,XDTjtqTeGTZjR2r9ZJEurH
tell me the definition of demand feature?,paraphrase,jvnHHGDM2QV5AU9Pu5XDqK
tell grace period credit card,keyword,ZTeEsRAHaAZrWqqAbkvxt2
can a card issuer consider my age when determining if they will issue me a credit card?,paraphrase,8avEK3Jv6jnqf5dpnQqZZW
what does construction loan involve?,paraphrase,PRTjQpvwFBf2tZb9gbUic6
credit score need order higher score,keyword,HEZcB3rpZquQWCozgrWQvx
i have received no response from my mortgage servicer regarding a notice of error request or data transfer what should i do?,paraphrase,4kqSZec997A4urKPSaTkfM
tell me the fico score?,paraphrase,9vVpmyeEGYPaUqaa86Z5rx
what should i do if i received a wrong account number?,paraphrase,UYZCYpTaJSWiwyFTcnhhwa
fee transferring money savings account credit union,keyword,eU4ZdjmQ2rnznHsWjczESx
how do i know if my relative is in debt and what should i do?,paraphrase,H3kmnZ74tXaLNx7J3mpnY4
my bankcredit union had a post-dated check on my behalf but not before they were issued it what can i do?,paraphrase,fggruKZCATzUbLfcBdZSdo
what do employers know when they do credit checks?,paraphrase,b9cbKbxfBnC3D6SjRWnGrz
What is an ACH?,paraphrase,KRDzK2azfEbvHPGaS6zGAz
avoid debt collector contacting,keyword,KN83wFbcmwirn7EqjRXJqv
s best way contact friends family learn bill paying,keyword,8CgSYrL6u5d5cKnbjVfJUW
what should i do if my bank or credit union asks me to scan checks at home or on my phone?,paraphrase,myMtmxbByDbi6G5nNHQhsa
good time child open savings account,keyword,nvXNmAjJEJYnUCCVoPJceQ
how is a reverse mortgage different from a typical mortgage?,paraphrase,MJ9GpCZmYStgo4KKzXDzo3
recently inherited house true,keyword,gE4tLVAiMnkoYGHi7K5hTG
immediately contact professional victim financial exploitation scam,keyword,SSNLh6XLdAZKeZ5kLsnVfi
I sent my payment to the card issuer but I: forgot to include the payment stub; sent the payment to the wrong address; sent cash rather than a check; sent a check in foreign currency. What happens?,paraphrase,G56qL7QUkEmmjwXTcsvRrU
i saw an advertisement for a no-payment reverse mortgage from va,paraphrase,BN5UubUJhx5B4HVuiWuqWA
what should i do if i disagree with a credit report?,paraphrase,F2hWX52LQpzSaKKsaQBDLa
my bill shows the fees i paid for the entire year what's wrong?,paraphrase,hB9rJ6uGA3hBZxMrDAo6ib
how can you find out if your friend has been the victim of financial exploitation?,paraphrase,5nX9ua6QijCKnUcsPqYFCZ
lender dealer age share income retirement income account giving auto loan,keyword,MPYzp2uVQXKi4W3DEmkk2L
if you default on a private student loan what would be the consequences?,paraphrase,E8Yzq2wrDqeHjSm7Q7Kpf5
need withdraw money military savings deposit program sdp account 120 days leaving combat zone,keyword,mP5PwoFerprDNptKjznPFF
nocost loan work,keyword,mXFrJQDB4bNEcR4CesbRMr
is there any law on indorsing a check for payment?,paraphrase,V3rUPuZXDpyKuStjw7bhbE
use prepay card withdraw money,keyword,JbxnLmcEfia7qrPWsagyRx
"I gave my debit/ATM card to a friend and told them only to take out a small amount, but they took out more money. My bank/credit union won't refund the money. Does the bank/credit union have to give it back to me?",paraphrase,bz9LhxoHhfCj96VYo8x42Y
pay home loan credit report listed unpaid,keyword,7yicRjyDJyt5DTDVot6uqc
mortgage terms,keyword,W8odD7Gd7P9YayjeQRecai
wrong money atm,keyword,gp8Yw5KwMACYwwEw8E6wYf
should i contact a dealer?,paraphrase,mX6kySdqmYTQHJiEDEzirm
how does a student loan lender consider whether they can get a loan using public assistance funds?,paraphrase,5RJEJL2yvdisXCzxT5zqUz
is it really necessary for my spouse to sign my student loan agreement?,paraphrase,N5hJV3hq5scQhEgnJNu7da
is there any benefit for a public service loan forgiveness?,paraphrase,BHHCXshp5hQ6gCPfGJAMpt
statute limitations debts,keyword,6hEsULsqJ3MQFWYmJW75YQ
is there a mortgage for a bank to refinance my property?,paraphrase,P2ru9PJGabmC39waf5RwCr
why is my appraisal less than my sale price?,paraphrase,3YYdPv8ZCpYLr7SnPZfD5C
will the loan affect my credit report?,paraphrase,ePuFKmoMMdg4TFuh2tdXmt
credit card bill affect credit rating,keyword,FVjGLRHn4ZHG5eKheeSe4T
tell difference mortgage loan modification scam,keyword,doKuGqEPBh3MjwJaBSwGek
how can i check my credit report?,paraphrase,5iVr5WX3XgKXUC9KnkRfva
happens file bankruptcy,keyword,KmpU9ZZS5kqAC5WkcZDdtb
terms costs mortgage discussed closing,keyword,eBamb2DR85qjeZssnbxn2X
list the unfair practices of a debt collector?,paraphrase,dbhCFo7CBQPWRWdqJy4Qu7
what costs are to be covered by mortgages?,paraphrase,gadwa3q8goH2EsCy5B4Ano
use text alert service mobile phone,keyword,foJmfKS2rDqam5uqacnAeD
will i be charged for using my prepaid card if i don't use it?,paraphrase,UhpoqqMD647w7kGxsBPKXZ
529 savings plan,keyword,5Wkdb89o7Hn5caFWGALorv
lost check wrote forged signature check cashed fix,keyword,9srop4MNarLCkhxDfgzHKy
happens ignore debt collector,keyword,hCRQajWMq7ZoWauHFaY9GP
is that reasonable?,paraphrase,jQLnGRx79efCa3uhpYtjPr
when is my credit card payment considered late?,paraphrase,3pycybr4mpgA3racmJLALD
tell me the daily periodic rate of a credit card?,paraphrase,CsCBDAdRd3KqegBrAE5JQW
sure money send country,keyword,XUP72qwMVixVRXPaR3RWh6
long lodge complaint money transfer,keyword,fFGvqKdqRu4krLjbFLU3Dm
tell me the difference between a private and alternative education loan?,paraphrase,XQunnWW8Y5hJEZBc5AQAsk
long learn credit report number,keyword,6EerzqgAKrT8RWGFx3ckD8
what should i do if i receive the same report in multiple credit reporting companies?,paraphrase,FrZ7mKFxsWdcCK4CziUryU
money market secured,keyword,cusSsQwaZ6gbu8kcQTD4pe
drop job application credit report,keyword,F47CjuR6D74vM8LQa4LPGX
why wasn't my card used the same day i made my payment?,paraphrase,4sJqJ7vxNahJGGY4L2qENf
construction loan work,keyword,PRTjQpvwFBf2tZb9gbUic6
creditors consider retirement income,keyword,D26tMaoH8KeNmhuPrSwT74
what should i do if i am selling my home with a reverse mortgage?,paraphrase,ibhXcLbX3YptYCtrR35rBs
possible change rate fees loan estimate closing disclosure,keyword,Z4QwuQLRi6the8ydwsmXRu
discovered illegal transaction money,keyword,Mrsddco9pYyKV5BtmEFiWv
trustworthy mortgage loan disclosure,keyword,aTERtaN6xoQA5caLFNNmB9
negotiate auto loan interest rates dealer,keyword,Ce6YLFxQBJbjEYsW94FmHV
how can a credit union close a bank's account?,paraphrase,RjvUhYTWAobtUKkRiCRsN7
know credit repair scam,keyword,YRVizsgBzFzB64dG6ouorL
broker consider parttime retirement income,keyword,kVL5HVcZUAr8kFvAfqHoAV
tell me the best way to solve a escrow or impound account issue?,paraphrase,DHt6fM75Q6idkc3b8chCJH
tell me the effect of a bankruptcy on my credit report?,paraphrase,KoHoyKT8mwBGKemewCATHf
qualify advertised 0 auto loan,keyword,nrHoQgAiZaMnHFLorkmeZ4
money transfer,keyword,YkDQtSL47q7uc3RubRV3Qu
money reverse mortgage loan,keyword,T9FcKbnMHPfxhDJ3KpMBRV
what is negative equity?,paraphrase,CFRaoVEAW7KCrCfVpWenbL
overdrafts day,keyword,LbvXcD4bU9jqZ3QEmtPNAT
how do schools affect student loan application?,paraphrase,9TDCrVc948A2uVx4zPovNj
charged prepaid card nt use,keyword,UhpoqqMD647w7kGxsBPKXZ
what is truth in lending disclosure?,paraphrase,GhNL73V3kMztKWyUaTt6No
what exactly does trid mean?,paraphrase,iRYoJxHjx8gPXUif3AWLTt
va loan mean,keyword,Nhrpfq7GLx5EskPuPPb2Bf
should i defer paying my student loans while i serve in the military volunteer in the peace corps or participate in a national service program?,paraphrase,3scH3h23JY7fT79PNh6iqH
what does a payday lender charge me for late payments?,paraphrase,XxrSgSfdHoyMvJrijR6Ho9
possible find student loan afford pay,keyword,aScNchhyxof4uQvWjUye5X
information fee exchange rate foreign currency send country,keyword,nwdAkLq3DwAK2NLGDdXhtu
what are medical credit cards and how does it work?,paraphrase,2kSpvs9eHRkXFkoc6GEKeP
how does a bank offer a direct deposit advance?,paraphrase,jKxZjaVBekQFnfRG3kvJWj
prepaid card,keyword,QQwdHRzgBK34wtM38hwQBq
can a lender require me to provide documents such as my w-2 or pay stub in order to give me a loan estimate?,paraphrase,UqE5cRhJckV6NbXQy6Aoj4
paid bill month august got late fee,keyword,jNfvGCppZvAQxkmQB4nS5U
tell difference debit prepaid card,keyword,fz6Vh8VZXR4B9Hjn22MvG3
mortgage lender charges insurance,keyword,4GyoHA99LdGgnVMNGiHXRb
what is hope hotline?,paraphrase,diQZ8eaw2ySAmY48EJn7q8
tell me the extended repayment plan for federal student loans?,paraphrase,3M6iYZNmGj3yJkDcrqCz9k
car lender decide interest rate interest rate offered,keyword,2e6kRMQFzWBKot7ntnkAHq
defer paying student loans serve military volunteer peace corps participate national service program,keyword,3scH3h23JY7fT79PNh6iqH
does the department of education collect money from me?,paraphrase,SGaDVpi5rqRGeLFPjvdk2M
should i consider the income provided by my co-signer for an application for an undergraduate student loan in addition to the benefits that he or she receives as a result of his or,paraphrase,W6BKAhQqH2v7USzvqyBoEx
tuition payment plan college students,keyword,HLzkdUDHe7qPoYWGLKRYWP
tell me the difference between direct plus loan and direct plus loan?,paraphrase,HCE6eTvQStk3qWqGJA4V5z
can i use ach to transfer funds abroad?,paraphrase,XJ67CfgPNPC8cz7ZebNySM
what happens to my student loans?,paraphrase,ghZQfnxGtRdsYngEdWm9Th
waive right rescind mortgage,keyword,euzwSqCeV5tzBWg7kPNR2U
what is a fico score? what does it mean?,paraphrase,9vVpmyeEGYPaUqaa86Z5rx
are there any other types of heloc loans?,paraphrase,MdYeYV4T3ZSGWNDmPRMqSH
how do i stop making my mortgage payment so i can qualify for a loan modification?,paraphrase,CtiBXU8LXUr2RfuiFeKqRg
tell me the difference between a flex spending account fsa card or a hsa card?,paraphrase,Toe9GgkQYXANRmStG23iE7
tell me the purpose of piti?,paraphrase,jEfU6ywNVxtTAuiwN6W8nP
how long will it take to find out if a credit report error was corrected?,paraphrase,6EerzqgAKrT8RWGFx3ckD8
lost check written people forged signature check cashed,keyword,9srop4MNarLCkhxDfgzHKy
tell me the best way to get money to pay off my mortgage loan?,paraphrase,YmwHZeUTnGhqJrMbbmHAp8
list questions mandatory binding arbitration,keyword,duWyuNqjdy2R9vnA9Eutz8
s money market account,keyword,c7ztQbaNXgrfFfdcA2fG4S
true credit card stolen,keyword,Q7yXuCFxRJ8fMh5xBtKwcn
creditors garnish bank account wages,keyword,3Tm3a2eJKixv6YWP4fpJbn
what will happen if i need to withdraw money from my military savings deposit program sdp account before 120 days after leaving the combat zone?,paraphrase,mP5PwoFerprDNptKjznPFF
need mortgage told m young,keyword,K6YnJgBoX4tgPzKXWjehKn
find company offers best prices trip abroad,keyword,TuxFYp9268DZB8yEkMdxXG
is it better to deposit money direct to a bank account?,paraphrase,NwHVZUoTHZkkf7QviKM2AD
credit monitoring,keyword,nccPVcLLoGEVskKr22NXXg
what is credit counseling?,paraphrase,dsL84Yq3qYt4mGHJySUpxs
usda rural housing service loan,keyword,SZLxAytYTnBXePFCWyrpDG
tell federal direct loan,keyword,jVJy6yaYbSc9AAWkuCvNqX
identify person stop,keyword,mdt4buhAeHLEuMUZugLz72
how does the new credit card work?,paraphrase,6my69yu6pCZFNMpuwtRHr3
529 year cost,keyword,gFRgZux6oWWc427WaQk3jp
cost receive loan estimate,keyword,64DELqBCfAHZRyeiBFMvvo
rid pmi personal mortgage,keyword,KetfuChsjRiQJZXySbNLUg
buy rates auto loans,keyword,nYB7Uzt8UsKycTyfT8eefn
tell me the truth-in-lending disclosure for mortgage loans?,paraphrase,aTERtaN6xoQA5caLFNNmB9
mean ask cosigner mortgage loan,keyword,nfBu7dToDL7ERnLLY3ssyZ
appraisal purchase price,keyword,3YYdPv8ZCpYLr7SnPZfD5C
cash check bank,keyword,BzqwD6kozfDo9VgaJCSKmv
tell job role reverse mortgage loan borrowers,keyword,5u7ED7haJ3brcxZAbskcZU
loan estimate cost,keyword,64DELqBCfAHZRyeiBFMvvo
tell best way avoid debt collectors contacting,keyword,jKn8rVJAt6dC6UpvWwjNnE
how can i cancel a cash or cheque transfer?,paraphrase,YkDQtSL47q7uc3RubRV3Qu
do prepaid card holders need a good credit record to get a card?,paraphrase,QQwdHRzgBK34wtM38hwQBq
tell me the difference between manufacturer's warranty and extended warranty?,paraphrase,CJXBaPH5EDfdhNWRC2jPis
what are scams? what are some examples?,paraphrase,FBxqJecVBRjCRkqwJQrwXc
hotline,keyword,diQZ8eaw2ySAmY48EJn7q8
how do i find a va-guaranteed loan?,paraphrase,BbvH6UmwQU6vwxf7ucgitC
how can i deal with my student loan problem?,paraphrase,Cn8ZwR4wJKZMTFYsp7d3zB
tell me the best way to pay the payday loan?,paraphrase,PoAKrGjQgtu83nDywxywF5
is there a way to restrict my credit limit?,paraphrase,3XKN5auxqM3aTDHLw9YgN3
tell impact bankruptcy credit score,keyword,KoHoyKT8mwBGKemewCATHf
minimum interest rate credit card,keyword,ATgDj2pH8uRp6MntHCr4aH
tell me the military lending laws?,paraphrase,AEtogHsMaWU8ebsAvdkk9R
can you list the need services for mortgage closing?,paraphrase,DXnAszzfstsk4VuX7evrvp
student lender consider age deciding need credit,keyword,cgE53hp4LqyHuzfbxr9zBH
how much do reverse mortgage loans cost?,paraphrase,kB6CU2H9h7DAXHTRknQ4rg
tell me the difference between cash loan and deposit advance?,paraphrase,5iAzbu4B9GxEe8FVrn744X
list the options if you get a call from a debt collection agency and they want to know about your student loan?,paraphrase,NJeKTdZMXgkyrydncgCDMi
home loan servicer help avoid foreclosure,keyword,U4qBb5nTnrvXKtzTjRcqbX
long need file complaint foreign bank,keyword,fFGvqKdqRu4krLjbFLU3Dm
what if i have a good credit score?,paraphrase,Xnw8sdWLsKtZnyJJEcnZqT
will my car be repossessed if i don't pay my auto loan?,paraphrase,4bMJCVYav2Ux8BqZFWXT4j
can credit card companies charge fees if interest rates on the check are zero percent?,paraphrase,BxNzR794hPLiyoTyD5NLeV
how do i refinance a federal student loan with a lower rate?,paraphrase,SGtYAyKWhhKDH5WDodUAXn
possible default student loan,keyword,bckFZHadxh9Nk46rny9CwJ
buy title insurance specific insurance company sell house,keyword,bTw8PwRaGPVtJ3NVFf4riJ
bank charge transfer cover overdraft checking account save,keyword,eU4ZdjmQ2rnznHsWjczESx
tell difference prequalification letter preapproval letter,keyword,EeE77AtXR4xSSSQfjVMBUF
correct credit card statement payment statement,keyword,PWTmHs9xZa2XFxjw2UXv2r
cancel auto lease overseas order deploy,keyword,JUM3qQ6ygaE5cL9sbdG77f
what are balloon payments?,paraphrase,7iw7JKwQm8CBTNveKCE2v2
what happens to a borrower in the mail when the advance was already paid for or you were gifted a live check loan?,paraphrase,3qdxsqeqEW8NGzgvnEU95E
checking account bank,keyword,Q6eztWcFsL8AxR6erUZGy9
long rescindation need,keyword,gtNKwdu3Qmep7fRduuMhQ3
children learn money,keyword,meHjq8TYuATLKfVBkF9Snd
what should one know before investing in a 529 plan?,paraphrase,FnBQYGLHtjcAJS3SraCeo8
how can a bank charge me for a transfer to cover an overdraft from a checking account when i save?,paraphrase,eU4ZdjmQ2rnznHsWjczESx
how do i get a company to transfer money to another country if it's not offering any information about the fees and exchange rates for it?,paraphrase,mcouzoVZqC2QJ6joerjPzL
happens credit card payment late,keyword,3pycybr4mpgA3racmJLALD
will credit scores be used in employment screening?,paraphrase,Q9GsQEX6zaXNDhBkS9T7nq
escrow loan lender limit charge pay taxes,keyword,msaFhJaRvE7rXHbZWGPwDs
what should my children know about money at the age of 6?,paraphrase,nn32fn7JoQ96DK9kGXYBJx
is direct deposit an option?,paraphrase,NwHVZUoTHZkkf7QviKM2AD
what if a bank or credit union shut down my checking account?,paraphrase,7gBcEbmvoaRuvZMuiTbXgY
tell me the difference between a loan estimate and the closing disclosure and title insurance premium?,paraphrase,QHtmDtto8fY9WYgaSSr58x
mean friend asks sign mortgage loan cosigner,keyword,nfBu7dToDL7ERnLLY3ssyZ
affects credit score denied,keyword,HbpX2mXzqPZoXe6SyKKDBr
program refinancing home,keyword,P2ru9PJGabmC39waf5RwCr
right credit counselor,keyword,ntiGLy3FZFTyd2SXw7PKC4
happens credit check officer finds late payment loan,keyword,BLgTGfBWEBQzck3cFU7DpQ
possible debt collector collect loan live years,keyword,a3mGCfE44shXSKRy8AeSAq
what exactly is a mortgage loan modification?,paraphrase,PdumatQHwMc89wrizUvEjL
how do you report suspicious checks in an unauthorized account?,paraphrase,VY4z3KS4vqfgSYSj9iLvri
legal apply credit card,keyword,ki8F9uJv65xhrQxFqUa6Be
new federal law international money transfers apply united states,keyword,Nj9FCS4ENQBj6Bn2JchK57
how long does a negative credit report get?,paraphrase,UCoHh7VMvV5PbhZKqK435w
can i get a credit card if i work from home?,paraphrase,LJat5VELe3xhpRnMPA7cYT
highinterest loan excites loan limits,keyword,8zG2Dsds2XcueYy9XBXoUC
how can i save money on atm fees?,paraphrase,E5mNuqbUAkKPKDfU23F7WA
dispute credit report errors,keyword,KmwCRaGTKL9G9bf49E5TnT
payments mortgage increased,keyword,L54BRv6awmdoZrnrj3vvix
what does credit report say about me?,paraphrase,FHxnwWdo8adZsuh2TH3vsp
what should i do if i was harmed by the cfpb settlement?,paraphrase,X7dS4ccp5DWdawPPiPayFK
dispute consumer report,keyword,RKMvSXqzevSmVpaV9dzn3M
can a bank or credit union cash a check before the date on the check?,paraphrase,LRX7GAMvDMpGJvHFGqQjav
how do i get pmi removed from a loan?,paraphrase,KetfuChsjRiQJZXySbNLUg
is it legal for me to have my spouse resign my car loan with my lender?,paraphrase,3wxca27SCgnMbV84XE3sQq
how can i become a real estate broker or lender in the usa if i am not currently an immigrant?,paraphrase,TVeqii9syvzRudNYpniYgw
borrow car loan,keyword,42RC8nMYG2s5xRjNaPL3jG
i have two different credit ratings from two different credit bureaus what can i do to improve my credit score?,paraphrase,hSVNERiyeh4DzbuZPpToRG
avoid rate increase adjustablerate mortgage happens,keyword,BUqcLxxmzY224JrXfNdDkq
payday loan,keyword,ius8qBQ9cxuRV2CRnJh75r
if i do not make a charge on a joint credit card account will i be responsible?,paraphrase,GsNukoAMqbhqKApbJ2ZJi8
personal line credit,keyword,JJi4iyckbHCyT6W4kMd5cH
tell me the difference between a debit card and a credit card?,paraphrase,fz6Vh8VZXR4B9Hjn22MvG3
where can i get a mortgage for my house?,paraphrase,n6AwuJKFdZdagDWzWp8Gja
what's a late fee on a mortgage?,paraphrase,ncuNjtUFcrdbhC39vg6hbV
transfer funds ach automated clearing house network,keyword,XJ67CfgPNPC8cz7ZebNySM
how can i ask a lender or broker about my spouse?,paraphrase,7K7JFtTrskJJsyCrDoVqfL
sent money country received pieces paper contained lot information ve seen,keyword,SFdzAxjPTqdYJtHxPKyvxe
lender consider real identity nonunited states citizen,keyword,TVeqii9syvzRudNYpniYgw
is my spouse required to cosign my mortgage loan?,paraphrase,EeL88y27GtrcTG3KR36fvj
i'm tired of getting calls from people asking me to apply for a credit card is that legal?,paraphrase,ki8F9uJv65xhrQxFqUa6Be
do card issuers change their interest rates?,paraphrase,AY2ABsM2QMLhvjoNeYtXYp
how do i get a debt collector to call me if i'm listed on the national do not call registry?,paraphrase,S4sPzzotDfzWcaxqhSQxss
will you need to charge for a joint card if you do not do it?,paraphrase,GsNukoAMqbhqKApbJ2ZJi8
loan dealer apply loan,keyword,kTm8fvmkmjyAiBvLBR8ueU
mortgage loan terms loan promised,keyword,HJjvJuCLmeEMxgYG2Cybmi
why was my online shopping order rejected when i used a pre-paid card?,paraphrase,YPWJ9KtnNVMynzwBpGFymy
how could i get credit without being too young?,paraphrase,M9RpoE53dYhGyA8MMhCf4F
what happens to a deceased partner?,paraphrase,Yr5admgyCHF7Hrkw6iExAc
buy prepaid card,keyword,QDqRGjYxTZE2ov5x6EXu8y
i'm a us marine and i bought one house through a va loan is this enough to qualify for another va loan?,paraphrase,XDAhEX5cBFFqgDAhPZSxgW
send lot money foreign country pay unexpected fee country,keyword,7CsmTEHgXYMYbLr4TtEuqh
pay mortgage paid marked outstanding credit report,keyword,7yicRjyDJyt5DTDVot6uqc
what is a loan limit in a conforming loan in your county?,paraphrase,YmirxzipDH6K2yUsADwkTM
how can i consolidate my federal student loan into a federal student loan?,paraphrase,EUekNKjuV2FB4f4rTp7bPK
can you transfer funds via ach using the automated clearing house network?,paraphrase,XJ67CfgPNPC8cz7ZebNySM
what fees are required for a heloc?,paraphrase,E7CNjUTfPadxE42gStofUU
online order rejected,keyword,YPWJ9KtnNVMynzwBpGFymy
pay homeowners insurance reverse mortgage,keyword,o7kobFSMkvhGgsYUS9VGEy
married prior married relationship applying student loan creditor ask spouse spouse,keyword,RdUHbLmpKkSv3qR55cjrh7
how will i teach my children about money?,paraphrase,eorJQ7yfRFnJCqe4cndftT
tell lockin rate mortgage,keyword,FkfcZQbYr9itJ3kY5949gk
how do i repay cash advances?,paraphrase,PoAKrGjQgtu83nDywxywF5
incomebased repayment ibr,keyword,DMFpsposfgTPKgyDWaRorm
prepaid interest,keyword,2x8ndD325uo5jxTa8Qz4jc
how does a credit card work?,paraphrase,6my69yu6pCZFNMpuwtRHr3
fees paid closing,keyword,AGKspTwYdMZrpoPAPaPCPF
what should i do if atm gave me incorrect money?,paraphrase,gp8Yw5KwMACYwwEw8E6wYf
hud 1 settlement statement,keyword,W6K5LGxfL3cKhG3hfWyhqL
what do i need for my prepaid card?,paraphrase,JQSk8k9vwqzh3iPV3FiTjh
s reason difficult money heloc,keyword,ghqaAY6teMcoRkgGXAhC9i
borrow home equity line credit,keyword,Qq4fjoFmD8Da2z3snur6rV
mean loans deferred serve military volunteer peace corps,keyword,RZF3s4c8gCAMVgAqEJX2sk
nt afford pay student loan,keyword,aScNchhyxof4uQvWjUye5X
what happens during a mortgage closing?,paraphrase,gJuhHnbSpCLRqVFowai9f2
find military aid,keyword,nJWchquP3quhxErzupM8WZ
can you tell me the interest rate for a credit card?,paraphrase,ZnmKV9eey6LhNiEizLxp4t
what should i do if i'm going to buy a vehicle?,paraphrase,YYkuaAzNFUdqqy893dsAk6
is it necessary for a credit union to send a monthly statement to your checking account?,paraphrase,Prcgr9eg3nJiNFn4UYHDf4
what information does a credit card issuer not have to base their decision on?,paraphrase,FUsHoxYipF2DpdJZxxp25z
can i get my credit report online but the site wants to charge me a fee or get me to sign up for other services?,paraphrase,YnTHm4SLYzoGjnCDqMwKX2
having problems making auto loan payments fix,keyword,cUQV8w9vCk3vWXiVzLDkQc
dispute charge credit card shows statement,keyword,ftkucHfTa9DsS7aJ8Z6Fbq
stop credit card sent card issuer,keyword,B6ZxT7tDMaTqabQ6uwvjds
qualified mortgages examples,keyword,KmvWMn2T2m82UiFMQPpBqp
ach,keyword,KRDzK2azfEbvHPGaS6zGAz
how can i talk to someone in person?,paraphrase,Rq4nwxLhwYrS2s8XPNP7e7
how can i pay off my auto loan for servicemembers if i don't have enough money in my account to cover any expenses?,paraphrase,kdbYhP5HeTgtWfrf8giDSo
how much money can i get from conforming loans?,paraphrase,YmirxzipDH6K2yUsADwkTM
loan officer wrong advise nt apply mortgage loan receive loan estimate providing copy signed purchase contract,keyword,EMVzdAmqPJrH3iJMaFVss3
can a credit card issuer ask me about my age and income information to obtain me an accurate social security number?,paraphrase,gavUdZhAPAJrksVcu5t9xN
prevent scams,keyword,PC3d7nPHXAqYsw6DigRACM
can i shut down my account anytime?,paraphrase,e9WByZz52cQbCpe3DrPKsd
i've been trying to pay off my mortgage loan and i need a loan modification why?,paraphrase,CtiBXU8LXUr2RfuiFeKqRg
what are different valuations?,paraphrase,BrrnsCX2QMjWJk2ywroNoX
consider receive income federal state public assistance program deciding mortgage home equity loan,keyword,bXJ9HTiyHeJzDftv7ZvLY8
tell me the daily periodic rate on a credit card?,paraphrase,CsCBDAdRd3KqegBrAE5JQW
tell me the procedure for forgiveness of public service loans?,paraphrase,MBvgcx3FLvzx4bmjYVDHDb
tell difference lockin mortgage rate lock,keyword,FkfcZQbYr9itJ3kY5949gk
can i get a loan estimate until i provide a copy of my signed purchase contract?,paraphrase,EMVzdAmqPJrH3iJMaFVss3
can i stop anyone from using my personal information while i am serving abroad?,paraphrase,JynW2B6pqUEt4vqA5dVRpc
tell me the use of garnishment?,paraphrase,2zX6HxGGAbZqAvn8KByb4Y
private student loans impact taxes,keyword,n4J4N2iZFvriQzuK5poUUA
credit score free active duty member military,keyword,mcgDh8uf8UajPhJiQ4FXEN
total payments want pay getting mortgage,keyword,2GMN8NPEjXmdJ8257M8waz
mortgage costs change estimate,keyword,H78GsLbnwSKsqBrnmmRRte
happens borrower mail advance paid gifted live check loan,keyword,3qdxsqeqEW8NGzgvnEU95E
i've heard that a lot of con artists use money wire transfers to steal people's money,paraphrase,irETAAXiexqnpLW6GVvwbU
how does my last mortgage costs change from my estimate?,paraphrase,H78GsLbnwSKsqBrnmmRRte
can i access a checking account without a social security number?,paraphrase,RHUY82hHgHauVSkTdNgmdV
tell best way apply gi bill,keyword,eA7o6XbkpcH7x44W925cxw
credit card changed suit new credit card,keyword,hW2JiaATE4wxxEdFbiAjpt
how can i tell if i'm dealing with a scammer?,paraphrase,YRVizsgBzFzB64dG6ouorL
credit card company determine interest rate credit cards,keyword,ZnmKV9eey6LhNiEizLxp4t
is it possible to get a mortgage?,paraphrase,M5RdpbfX3M52pS9dG3BVn4
how can you see if a debt collector is legit?,paraphrase,CsikaCPy3b3wv2yj6ACg2X
is it possible to get a reverse mortgage loan?,paraphrase,QeiyvSaUCbzDvBMqPx6HFh
protect fraud,keyword,hmQ7YC8jJdi99FW8UEPsM2
my debt is to a debt collector how can i get help?,paraphrase,7eJ2EENzfRu9N6L3G8kQHr
can i avoid a monthly charge with my prepaid card?,paraphrase,cDCzxpcofYtH8JEkZ7G4yz
finance insurance fi departments,keyword,HGCmrerSXw4P7cXp5crwqL
can i get a payday loan for the first time when i need more money?,paraphrase,o2UXtZXQitcBzonbgFnTfr
dispute mortgage,keyword,WA85Tx3kAWSv356ZynP9QD
happen owe money vehicle want trade,keyword,5Nj6eUWRmXinAqhxbpE8Jf
how do i close the mortgage?,paraphrase,NXsSkvEW22qshVGMGE64Zt
federal government going protect citizens send money abroad,keyword,ny5kV3bmdETnU7dNBkr6vX
truth lending disclosure,keyword,GhNL73V3kMztKWyUaTt6No
cosigner,keyword,WXjDRNLvujHj4CG9AZPsNk
how do i recover my credit card?,paraphrase,7gxsVF3THf6tSkeBSVEH9M
debt collector collect bankruptcy debt,keyword,Nv92LjYvu9aWfkxkx8K8Pq
what are 529 savings plans?,paraphrase,5Wkdb89o7Hn5caFWGALorv
lender dealer consider time income retirement income,keyword,i7evWSTFBB7X8vv9MC88N4
is there any reason to change the amount of your mortgage payments over the life of your mortgage?,paraphrase,4NUKftzkP8aqSpPEvcExEV
received check tried cash bankcredit union holds account check written bankcredit union charged fee cashing check,keyword,epKoS9wsN4M2ZafhWSDhwD
what's the difference between a mortgage payment and an overall monthly payment?,paraphrase,cPQyeDStqSkHK7dcL5e9GR
how do i obtain a mortgage for my house i inherited?,paraphrase,CegNnYBqUbPPXQ8nTFVMsc
tell total payments mortgage,keyword,2GMN8NPEjXmdJ8257M8waz
reasonable,keyword,jQLnGRx79efCa3uhpYtjPr
servicemember applied auto loan noticed listed higher rank problem,keyword,i2nemDTQAFeNUfKQ6B4SyW
tell best way pay college,keyword,CNtqAkKfJ6hbt4aPi7ESg8
lose ebt card,keyword,S6qP9pdBirF4diYHvf9Sjx
best ways mortgage,keyword,n6AwuJKFdZdagDWzWp8Gja
ask lender broker spouse,keyword,7K7JFtTrskJJsyCrDoVqfL
list some ways of finding out what medical payment history i have?,paraphrase,WxJkKNP33ovVydhNWXRfP4
what is a credit score?,paraphrase,Xr25gnm3Z4uq7YV7ght5rU
credit card company sell persons information,keyword,4PT9tRDvnZK8wDHNGtV3w2
tell me the repayment range for reverse mortgage?,paraphrase,T9FcKbnMHPfxhDJ3KpMBRV
national mortgage settlement,keyword,jvenjGQ487nsVFpsKpNaD7
i overdrew my account by just one penny and still got the full overdraft fee what can i do?,paraphrase,3eVPkVBRSmg52huaPpp7Pq
list the services used for credit monitoring?,paraphrase,nccPVcLLoGEVskKr22NXXg
student loan income public assistance program,keyword,5RJEJL2yvdisXCzxT5zqUz
broker paid mortgage,keyword,gMnqqDrn5skgbawJoJFxEv
pay penalty repay mortgage early,keyword,LW4CpNiMZoQtp4A2u4DKTN
tell truth lending disclosure,keyword,GhNL73V3kMztKWyUaTt6No
what is a home equity line of credit?,paraphrase,n7kjfRQDVkDUyWdchSGPcH
heloc,keyword,hj5rUBwbbrdNJoPLCKxG3H
i am having problems with making my auto loan payments how do i fix this?,paraphrase,cUQV8w9vCk3vWXiVzLDkQc
how can a lender consider sex or marital status when deciding whether to give me a mortgage or home equity loan?,paraphrase,ZukPcfGZfi8FvSt8KXEtQu
how can i see the documents i'm signing before closing?,paraphrase,M8QBXA3Lts25epU99fYsDx
what are extended warranty and vehicle service contracts?,paraphrase,7qyrqnCJbzULQKtsPKtRC3
house damaged destroyed,keyword,6LLYht6zxkgn9XCwtUfNqH
mortgage m married,keyword,csnpZ3XBYZaUmgjKY6Yd8Q
reports credit similar,keyword,FrZ7mKFxsWdcCK4CziUryU
how can i find a local bank regulator?,paraphrase,hj3Rfuw4Ma6B9MN5xKJY8J
how do i get funding under the tuition aidgeneral aid program?,paraphrase,5nQXeRyQ5B2jVKhiLGrurt
is my broker getting paid to help me get a mortgage?,paraphrase,gMnqqDrn5skgbawJoJFxEv
deeds foreclosure,keyword,2PJLjxApjLeHoGy5uUKFor
when is the decision to pay for financing a car? what is it for?,paraphrase,gaFgH8vuo9sffCbwmNuv3m
good mortgage loan,keyword,PwTgTwvVdU8Ye84yoafWsY
which one is the right credit counselor?,paraphrase,ntiGLy3FZFTyd2SXw7PKC4
pay entire bill paid month got interest,keyword,F6Hck3zydoqijPiEcvmFfj
scam mortgage loan,keyword,adWdoBARfHVZL2Xk9PokXh
what should i do to make additional payment on a student loan?,paraphrase,cN83aAaccgZ3k9mk4rAJC2
ok pay bought things credit card,keyword,iBTd6Zp6VM3nFQSVKagJvY
deposit money military savings deposit plans,keyword,9dCpEVRo8JgDjrQUy9NFQn
can i still cash a check that someone forgot to sign?,paraphrase,WVmZTSz3fdoAzg7trbuZBH
if i fall behind on my debts can a debt collector have my security clearance revoked?,paraphrase,nR6hT5dm8P3djfY95hK5Gt
how can i ask a bank or credit union not to open a checking account with me?,paraphrase,GQeWJ94mk9DxF8Voq67wyn
send money nt find way,keyword,2V6orZTisYtEgxnugqCDBU
prevent payments time,keyword,AtULcQWRvctjwptPCMPR3u
i sent money to a friend in a foreign country but the amount received was less than what i sent what can i do?,paraphrase,A4bXuwfv5hr5tpTPFV9KEr
do private student loans impact taxes? why or why not?,paraphrase,n4J4N2iZFvriQzuK5poUUA
i asked a company to transfer money to another country but it didn't give me information about the fees and exchange rates,paraphrase,mcouzoVZqC2QJ6joerjPzL
loantovalue ratio relate costs,keyword,HfA9KbKion2PAHPHipdVx2
how can i help my children learn a lot about money in 6 and 8 years?,paraphrase,nn32fn7JoQ96DK9kGXYBJx
why do debt collectors ring me?,paraphrase,nF7FZ9s2PNYmbMbEL2ddFJ
work,keyword,XMYjAYjAopb3hhfjfCeg5C
how do i get my personal credit card back?,paraphrase,oBRXaPhHPkrFMphhsEqa5C
can i put up my collateral on payday loans?,paraphrase,c3UxsXDQUrrZgHXCyeKup6
tell normal automatic debit payment method,keyword,HVnEcjG78rHUPpfLriQVNU
can i have my creditors garnish my bank account or my wages?,paraphrase,3Tm3a2eJKixv6YWP4fpJbn
can my son open an ira?,paraphrase,V2MRCpvjGr8n2uVNNB3rdt
tell me the payroll card?,paraphrase,iyFpUebwGopq32p5Go5sYo
happens late pay loan car repossessed,keyword,BLgTGfBWEBQzck3cFU7DpQ
use home equity refinance student loans,keyword,dyXn5eF4sHDFCEEeSjUnUT
direct deposit option,keyword,NwHVZUoTHZkkf7QviKM2AD
what is a vendor's single interest vsi insurance?,paraphrase,dLyYb98wGfBBpYYEzgAASk
list good points look fine print adjustable rate mortgage,keyword,fez6bXrpDB2AznUYyrzR7a
can you list the statute of limitations on any debt?,paraphrase,6hEsULsqJ3MQFWYmJW75YQ
how can i stop using my private loans?,paraphrase,aFqkSsfRQvrxZdagSe6mwB
find contractors help rebuild,keyword,ay3MhUJzeo7Ec24Hm2zKTr
what happens if i received a notice of default?,paraphrase,9vU9Mnonnn8hv3BSCp29jr
how much time does it take to revoke a contract?,paraphrase,gtNKwdu3Qmep7fRduuMhQ3
tell difference flexible spending account fsa card health savings account hsa,keyword,Toe9GgkQYXANRmStG23iE7
what is an initial security deposit? what is it used for?,paraphrase,kdfxxv4dwahsJde5kMTTBi
what if i don't owe the debt?,paraphrase,RzSMxq2gmdJyCd294iQr86
can a debt collector call me multiple times at the same time?,paraphrase,ANYoTWmFUuqEehMqGWCCaC
what is a preauthorized draft?,paraphrase,4Bu8ouQWjEj8YvmH2JQ55Z
tell best way remove pmi mortgage,keyword,KetfuChsjRiQJZXySbNLUg
can my card issuer make it lower?,paraphrase,AY2ABsM2QMLhvjoNeYtXYp
what should i do if i want to help my daughter start credit history?,paraphrase,D9RzH7KWAkkkUgGZZeLhRt
can i rescind a mortgage loan i borrowed from the bank?,paraphrase,PVudJNoWdRpDQnGdMWqdfE
long submit international money transfer complaint,keyword,fFGvqKdqRu4krLjbFLU3Dm
car repossessed payment,keyword,4bMJCVYav2Ux8BqZFWXT4j
my servicer offered me a shared accumulation mortgage as a way of modifying my home what does that mean?,paraphrase,jTp66Bh3A7QRRV8TYdrJ9T
know money sent country,keyword,XUP72qwMVixVRXPaR3RWh6
deposit dollars checking account tried withdrawal later day told withdraw tomorrow,keyword,BiqNnRCwbcbiq8pcgExHkH
what should i take into consideration when i buy a prepaid card at a retailer?,paraphrase,7Kvr5AVmKaKqLEtu44BjFc
how do i stop someone from using my personal information when they have deployed overseas?,paraphrase,JynW2B6pqUEt4vqA5dVRpc
can a landlord's debt be identified in a person's credit report?,paraphrase,TLWWEHgPHLZ3jgsvKkxboK
list services credit monitoring,keyword,nccPVcLLoGEVskKr22NXXg
right servicemember request credit equal credit opportunity act,keyword,focdXCjPTXCXp5FF3CY82K
zerorate balance transfer account work,keyword,MKWRAL6DB9uX2UbzUNwVuh
do homeowners association fees or condo fees actually cover the monthly payment of a home?,paraphrase,RUEwf4vobjxiud3DifRNzQ
open checking account drivers license,keyword,ZHjCf2ohHVFXL8VVfAjCkw
i sent money and she couldn't get it because her information didn't match what i told her what can i do?,paraphrase,2V6orZTisYtEgxnugqCDBU
declared bankruptcy mortgage servicer says allowed send monthly mortgage statement correct,keyword,fwzsDngdgU6DrAUnwZehCe
credit repair program enroll,keyword,SxmxcjsYS57xsRuu2gVtMZ
ignore debt collector happen,keyword,hCRQajWMq7ZoWauHFaY9GP
tell best way good mortgage,keyword,PwTgTwvVdU8Ye84yoafWsY
check credit reports youth foster care,keyword,NH38RBwXDHURShtPs5K5m7
loan,keyword,FfdgV6YcywtwdDWLrzmpQn
tell credit reporting company sent untrue information,keyword,fjojZtmBsmDzgGqqwTEjvx
should i buy a credit score? why or why not?,paraphrase,HEZcB3rpZquQWCozgrWQvx
how old can a lender consider me when deciding whether to give me a mortgage or home equity loan?,paraphrase,B6GRmd9UHnmyqotp2GTVVp
tell unfair practice debt collectors,keyword,dbhCFo7CBQPWRWdqJy4Qu7
deed foreclosure,keyword,2PJLjxApjLeHoGy5uUKFor
how do i get a mortgage servicer that does not take my payments?,paraphrase,G9yXcsc33o6KpoZiunXpWW
tell me the difference between an interest rate and an annual per centage rate?,paraphrase,6DuoKzkmQXWb2cwho7ZVZm
does your auto insurance company sell your information?,paraphrase,dYJdDqEvqi2sHZKBEw2yvz
way collect debts people discharged discharged bankruptcy,keyword,Nv92LjYvu9aWfkxkx8K8Pq
tell owns mortgage,keyword,kdFKxUeCUX5gPPcpyqTiqE
withdraw funds account paycheck sent directly account,keyword,LMTxAnxK5UjHitkqSzuN44
which credit counseling provider is right for me?,paraphrase,ntiGLy3FZFTyd2SXw7PKC4
how do i find a reputed elder law attorney?,paraphrase,U399xECZVSw9AE74Zj5YhL
legal debt collector garnish bank account,keyword,3Tm3a2eJKixv6YWP4fpJbn
resolve credit report dispute,keyword,F2hWX52LQpzSaKKsaQBDLa
credit scores employment screening,keyword,Q9GsQEX6zaXNDhBkS9T7nq
tell difference checking account demand deposit account account,keyword,EJWgAJTe3jGtG94aFWN7T5
know payday loan lender state licensed business state,keyword,FSKJoCyCHoFzYeYjPHdbHf
collateral payday loan,keyword,c3UxsXDQUrrZgHXCyeKup6
is it possible for a mortgage lender to report negative information about me to a credit-reporting agency?,paraphrase,LmWvPb2NDHaEpefBkFf3DN
learned federal housing authority refinancing option reduced fees tell,keyword,84bZXyMYNkuGyDDQnzJYdA
mortgage payment work,keyword,JAhsnwynMp9CuqvbiGRh2q
what does trid stand for?,paraphrase,iRYoJxHjx8gPXUif3AWLTt
necessary express intent proceed order file mortgage application,keyword,NZTPtpt5zgv9N4eKTJ3BsB
what happens if you late pay a loan or have your car repossessed?,paraphrase,BLgTGfBWEBQzck3cFU7DpQ
obtain credit reports,keyword,J4XX2AQ5PyNzBpnf6hSGqf
tell me the best method to detect if a child is on his credit report or is identified as being stolen?,paraphrase,i7vCaF2yz8TzjuCRDCFY3q
can you be charged with a penalty if you pay off your mortgage early?,paraphrase,LW4CpNiMZoQtp4A2u4DKTN
how much can i deposit in sdp military savings?,paraphrase,CkJLqxXUfDRnLpgNK3z64u
pay line credit,keyword,oBRXaPhHPkrFMphhsEqa5C
what should i do if someone buys something i'm selling online and sends me a check for more than the price of the item and asks me to send the difference back to them?,paraphrase,gFZYLQnUCmE2R4XA7vtJkg
charge interest charge told,keyword,dem8FtPCh9KxASu2UMupp2
can i be charged for more than one overdraft?,paraphrase,gn6wgiiZ5stsZSmjBkgwwU
kids 21 years old receive invitations apply credit card,keyword,bXdSud5nWDHhBCyiAMTi4X
how do i avoid scams?,paraphrase,PC3d7nPHXAqYsw6DigRACM
power attorney bank account signed,keyword,aoyHt9LxtXumCuskJbu6Zt
i can't pay my loan when i do what do i do?,paraphrase,PyV3YyRWbwRcWropyWqfEp
spouse required cosign mortgage loan,keyword,EeL88y27GtrcTG3KR36fvj
my mortgage servicer had refused me to send me my monthly mortgage statement is that correct?,paraphrase,fwzsDngdgU6DrAUnwZehCe
way loan company negotiate lender nt know,keyword,Xh8jHDVzny5qxNxrS55VMZ
identify stolen identity,keyword,mdt4buhAeHLEuMUZugLz72
how can a private lender collect my student loan payments?,paraphrase,cGZzDJKYQCMzbbkZVrdoCX
can i limit the interest rates on credit card?,paraphrase,ATgDj2pH8uRp6MntHCr4aH
what's the procedure for removing an auto loan from your pocket?,paraphrase,kdbYhP5HeTgtWfrf8giDSo
samesex spouses apply va loan,keyword,Bg9EZAFV7sXYE4zjP5NJKC
creditor require spouse cosigner loan,keyword,kR6ahPBsNQ3RSHUUheQ97o
tell me the average cost of a mortgage?,paraphrase,gadwa3q8goH2EsCy5B4Ano
homeowner insured,keyword,FiuCZUxVqap9DFqbHKQWwt
lender exempt mortgage servicing rules,keyword,mwvfqRBUZVQxyVNEexMYsS
nt money heloc account,keyword,ghqaAY6teMcoRkgGXAhC9i
will i have to sign a mortgage agreement when closing the loan?,paraphrase,JHXo4nJ8FEw8cYneUU4zTe
foreclosures work,keyword,FA6cWQX2aTNnCTKDs9xzse
how does a homeowner have to be insured?,paraphrase,FiuCZUxVqap9DFqbHKQWwt
which documents should i have before closing a mortgage?,paraphrase,o5nzuBwv4K3aRvGzSKYv7G
credit monitoring services financial transactions,keyword,YhWTR3cR5oXR7PviVnXVFL
pace funding implemented,keyword,A7MJ3FQ3hjbgtG5gDWug7r
is it possible to scan checks from my phone or a bank online?,paraphrase,myMtmxbByDbi6G5nNHQhsa
pay reverse mortgage,keyword,N6WxALbMPFUyL5D6c2B6yb
bad credit auto loan help repairing credit,keyword,ciUtTUwceqq57h23389mgT
benefit public service loan forgiveness,keyword,BHHCXshp5hQ6gCPfGJAMpt
happens report error credit report,keyword,2JaBAMWhw6SpjLjxYv7shW
long foreclosure,keyword,atwiozXrdy4ydnYFBCVBPr
inform daughter deductions income tax return,keyword,MCKvpnk5uUZEhdyzw7TwYt
true taking payday loan help credit rating,keyword,XS5aF5AVMCbsBQxCGHkD9P
how do i stop automatic payments?,paraphrase,2oVsBQqjqeGfFmhPxLNJgV
what will happen if my mortgage is sold?,paraphrase,94r3ctDLTG4LfpgJHQH3Qu
consolidate student loans student loan,keyword,2h6nJg8TrA7Kb9SouUJNAk
resolve kind disputes want pursue contacted company nt investigate,keyword,EYKuiDkMwDNjHhEiUay2qg
bill shows fees paid entire year s wrong,keyword,hB9rJ6uGA3hBZxMrDAo6ib
negative amortization,keyword,VW4EBUyKXtxxChUU9MfsDK
why is the title insurance premium listed on the loan estimate and closing disclosure different from the premium listed on the paperwork i received from the title insurance company?,paraphrase,QHtmDtto8fY9WYgaSSr58x
happens balance reverse mortgage gets enlarged,keyword,Juu9TYDv7z9cxKKiFsZSrG
medical credit card card,keyword,2kSpvs9eHRkXFkoc6GEKeP
how can i dispute my mortgage?,paraphrase,WA85Tx3kAWSv356ZynP9QD
what should i do if i'm not being given a mortgage loan at closing that was offered before?,paraphrase,HJjvJuCLmeEMxgYG2Cybmi
avoid scams,keyword,PC3d7nPHXAqYsw6DigRACM
bankcredit union,keyword,gfSgmkcrGkbHjS7D9jHqLh
prevent refusal prepaid card,keyword,fq7Q4u7MtDYnkyLeh5q6Ea
tell me the best way to fix a lost credit card?,paraphrase,7gxsVF3THf6tSkeBSVEH9M
i've seen an ad for a reverse mortgage from the va is this legitimate?,paraphrase,BN5UubUJhx5B4HVuiWuqWA
how does it work if a check is used for deposits only?,paraphrase,V3rUPuZXDpyKuStjw7bhbE
how can i qualify for pre-paid credit for auto finance?,paraphrase,nrHoQgAiZaMnHFLorkmeZ4
payday loan company charge late fee,keyword,XxrSgSfdHoyMvJrijR6Ho9
found car dreams dealer said payment said money dealer said add gps stereo able loan,keyword,aTa7FfZHqtA5B4vfWSys7U
remove negative credit report information,keyword,68ngEgktdknU89HZZCtt3T
credit score affected cards receive mail,keyword,TL94JqT7NMfdKdqx5g22hD
buys m selling online sends check price item asks send difference,keyword,gFZYLQnUCmE2R4XA7vtJkg
tell me the difference between low rate of interest and a predetermined rate?,paraphrase,3CjjtfWbE7vcd8yxdHox45
how do i cash in checks at a bank?,paraphrase,BzqwD6kozfDo9VgaJCSKmv
list the things you can do to help your children learn about money?,paraphrase,eorJQ7yfRFnJCqe4cndftT
is your lender exempt from mortgage servicing rules?,paraphrase,mwvfqRBUZVQxyVNEexMYsS
can you list the difference between private and alternative education loans?,paraphrase,XQunnWW8Y5hJEZBc5AQAsk
credit reports work,keyword,dW2zyP4M2VDjxWp7eJJYkR
i never received an estimate of my loan what can i do?,paraphrase,GtSAYEFHbZwbxk4jWT2xXf
what is a demand feature?,paraphrase,jvnHHGDM2QV5AU9Pu5XDqK
information student loans status,keyword,48eAHaYYiW5g6QhZRwJ3Jx
tell arm payment option,keyword,NEZEJ4tqTBWqmoZ8hjrrkz
card issuer consider age determining issue credit card,keyword,8avEK3Jv6jnqf5dpnQqZZW
tell difference cash loan deposit advance,keyword,5iAzbu4B9GxEe8FVrn744X
how can i get the best contractors to do the job in a disaster?,paraphrase,ay3MhUJzeo7Ec24Hm2zKTr
think gi bill worth,keyword,GZZYJhqKGx3B7MHeS9DenP
tell me the difference between a mortgage servicer and a mortgage lender?,paraphrase,RXG3rwzQ8vv2TSbzZNCJLL
money market insured,keyword,cusSsQwaZ6gbu8kcQTD4pe
cosigner need lender order car financing,keyword,XtgGJoXSC3ZPvL4kydNmB5
avoid atm fees,keyword,E5mNuqbUAkKPKDfU23F7WA
what happens to personal possessions left in vehicles after they've been repossessed?,paraphrase,EfL53cJ564uWGLNpaRkiXt
how should i prepare for a closing of a mortgage?,paraphrase,NXsSkvEW22qshVGMGE64Zt
tell average cost mortgage,keyword,gadwa3q8goH2EsCy5B4Ano
free credit report,keyword,FWmmxMCNz7pGWdcHyLo7c9
what's a payoff amount?,paraphrase,Kw7sgdHew7CHduoEELbdKg
chances getting mortgage bank says nt lend limit points fees loans,keyword,MH7xNMBifMJ3yUSxRKFW7Y
tell me the statute of limitations of a debt?,paraphrase,6hEsULsqJ3MQFWYmJW75YQ
late fees mortgages,keyword,ncuNjtUFcrdbhC39vg6hbV
debttoincome ratio,keyword,8JaCHvDwYwfHpXwji8HK7L
can a bank ask me about my kids or dependents?,paraphrase,h4ykTzcH2F7CiQmef7mgT5
sent bank postdated check told nt came,keyword,fggruKZCATzUbLfcBdZSdo
how do i get a copy of the bank report before the bank allows my new account to open?,paraphrase,TYwMLLpzS8XdRwcgFDBCg7
improve interest rate cds,keyword,RtdYLEcB6s4z6bpDK2hPgW
enroll incomedriven repayment program,keyword,iyd2qz4FMxojeciEkSLFX7
how can a credit card issuer handle my sex status and marital status?,paraphrase,o9RtHEc6RRw98aQYgAHcky
do i need to apply for a loan from the dealer?,paraphrase,kTm8fvmkmjyAiBvLBR8ueU
happens lender offering car forgive loan,keyword,ePuFKmoMMdg4TFuh2tdXmt
list common scams,keyword,FBxqJecVBRjCRkqwJQrwXc
tell me the truth in lending disclosure?,paraphrase,GhNL73V3kMztKWyUaTt6No
show the types of disputes that creditors don't have to investigate if i file directly with them?,paraphrase,EYKuiDkMwDNjHhEiUay2qg
auto loan paperwork said extended warranty optional told required purchase extended warranty promotional interest rate purchase,keyword,ew6zpq2QQxfmTpZdgNpH7T
happens personal possessions leave car,keyword,EfL53cJ564uWGLNpaRkiXt
tell me the seller financing method?,paraphrase,gyaSrhrC3uREWgfzy2GSMs
do you know if my bank says it has an ability to repay mortgage? what can i do to avoid this problem?,paraphrase,6KbLtRTaXJgPoFFWYcdFqz
does a debt collector have access to certain debts he or she could discharge with bankruptcy?,paraphrase,Nv92LjYvu9aWfkxkx8K8Pq
financial assistance event emergency,keyword,nJWchquP3quhxErzupM8WZ
long receive monthly online statement prepaid card,keyword,LMYmGGauiwXwJ4oswkWvJp
send mortgage payments different company,keyword,JacN5tSYLnwaShdMdXbhhx
fees required heloc,keyword,E7CNjUTfPadxE42gStofUU
happens vehicle want trade,keyword,5Nj6eUWRmXinAqhxbpE8Jf
garnish payday loan,keyword,TFTq8kQPmHFdopCxFvcThv
prepaid card needs online account,keyword,JQSk8k9vwqzh3iPV3FiTjh
how can i get a good mortgage loan?,paraphrase,PwTgTwvVdU8Ye84yoafWsY
unsecured debt collector phone anytime,keyword,nsMFBzHcR7NR8kATy9v4kS
released private student loan,keyword,9SYeq8AKX3Qjw8iaq7MdPn
lender   broker assess marital status giving loan,keyword,ZukPcfGZfi8FvSt8KXEtQu
lender broker account receive income public assistance program determining mortgage home equity loan,keyword,bXJ9HTiyHeJzDftv7ZvLY8
credit card company charge fee making payment phone,keyword,AugBvwpCZyceCM5KRh6LGd
how can we know whether or not a person has committed fraud?,paraphrase,HJUCEdgTuYwYbYian4ghAq
tell me the best way to refund my money?,paraphrase,Mrsddco9pYyKV5BtmEFiWv
homeowner insurance,keyword,FiuCZUxVqap9DFqbHKQWwt
how much do the 529 plans cost?,paraphrase,gFRgZux6oWWc427WaQk3jp
possible debt collector increase interest rates debt,keyword,E9jTJyB3GTPNAeRpGuQsio
extended refund plan federal student loans,keyword,3M6iYZNmGj3yJkDcrqCz9k
where can i get a loan for a down payment?,paraphrase,ZQvUVHpTN5UnjjFSw6ve6A
debt collector access certain debts discharge bankruptcy,keyword,Nv92LjYvu9aWfkxkx8K8Pq
what is included in monthly auto loan payment?,paraphrase,CPBnWrScw9jYKSfjeF9cTY
revoke change power attorney,keyword,jf8Yyi744rqNP38woqm6N6
how do you avoid a debt collector contacting you?,paraphrase,KN83wFbcmwirn7EqjRXJqv
tell best way refund money,keyword,Mrsddco9pYyKV5BtmEFiWv
how do i contact the bank if i don't receive my credit card bill?,paraphrase,TrxLHoCv8Q33JszJSfDiCj
what happens to federal student loan payments?,paraphrase,mpa9r6oCEXqAATiBNGfo6S
what do you think about sharing appreciation mortgage as a way of modification?,paraphrase,jTp66Bh3A7QRRV8TYdrJ9T
owner title insurance,keyword,AMrvx3mMXjvdKhWy3mMB37
how can a credit card be changed to suit the new credit card?,paraphrase,hW2JiaATE4wxxEdFbiAjpt
tell difference paying interest car loan paying principal,keyword,fXprdZe3ZwdmiSdUdVPvRg
do i have to accept a payroll card to work if my employer offers to offer it?,paraphrase,6JYMiLUwnwofLeuXaBZcUU
how can i avoid scams?,paraphrase,PC3d7nPHXAqYsw6DigRACM
documents closing mortgage,keyword,o5nzuBwv4K3aRvGzSKYv7G
tell me the difference between a creditor and a collector?,paraphrase,QS8tBv8YzxXMh3CJi2H22K
if i want a direct deposit should i register before checking my credit card?,paraphrase,NwHVZUoTHZkkf7QviKM2AD
what should i do if my credit card bill doesn't come?,paraphrase,TrxLHoCv8Q33JszJSfDiCj
i'm a college student looking to start a business but i have student debt what should i do?,paraphrase,3Uvf5MNNUKPWLpjcbTPMVQ
pace funding called,keyword,A7MJ3FQ3hjbgtG5gDWug7r
payment returned servicer notified longer servicing loan got notice mail saying late payment notified needed send payment,keyword,Y4CmvS72tJ9kjtuDEoHe5K
able refinance mortgage,keyword,Qm8EuBwfMKWQqxJiCJfzSz
debt collectors advantage collect debt,keyword,Fse3yU87Ex5pKPLwpJ6UT9
tell best prepaid text alert service,keyword,foJmfKS2rDqam5uqacnAeD
find local bank regulator,keyword,hj3Rfuw4Ma6B9MN5xKJY8J
how do you avoid any fees associated with overdrafts?,paraphrase,3eVPkVBRSmg52huaPpp7Pq
tell difference financed nonfinanced mortgage,keyword,76VdLhshac8x9hTy4GYobZ
list main differences buying vehicle leasing,keyword,FPSXXEPZjNMXxXxPsgiSbZ
tell me the credit card add-on?,paraphrase,iBRrXYi6ZUVqfyZLuA4SLk
what happens to money after i get an unexpected pre-approved offer or live check?,paraphrase,3qdxsqeqEW8NGzgvnEU95E
what does force-placed insurance mean?,paraphrase,oBZoPpSnfFBkKyD8RvwhwP
refund credit limit exceeded,keyword,XJYVFcngFP7ntMMxhuCx6a
want build credit history prepaid cards proceed process,keyword,TpWAQEahHnM4vVFAxCxVYa
avoid foreclosure,keyword,M3PS9FJVvdQwsEMc3SmVwr
tell me the best way to protect your money when disaster strikes?,paraphrase,oQRVVCuoXw5tnSo4ZtJshb
ads companies consolidate credit card debt real,keyword,CzdJ2cT2V6ssdshTYTi6qD
can i check my credit score online but the site wants to charge me a fee or get me to sign up for other services?,paraphrase,YnTHm4SLYzoGjnCDqMwKX2
nt pay credit card bills,keyword,9dcJTggNC9prCDTm3PoK6B
what does it mean when a payday loan is renewed?,paraphrase,Kk64rRQyxQePPav2mGAEHh
can i negotiate interest rates on a vehicle loan with the dealer?,paraphrase,Ce6YLFxQBJbjEYsW94FmHV
type loans covered military loan act,keyword,WBB85mEgZ8mz7nHhndLv9T
what does a qa mortgage involve?,paraphrase,KmvWMn2T2m82UiFMQPpBqp
can the card issuer change my mastercard to visa or from a gas card to a department store card?,paraphrase,DHgnUpWsEFs54UAKahWFYW
how can i get a power of attorney for my bank account that i never signed?,paraphrase,aoyHt9LxtXumCuskJbu6Zt
sure check charged twice,keyword,AtULcQWRvctjwptPCMPR3u
contact mortgage servicer directly dispute occurred qwr question,keyword,AFFvDAKRtods8YquWsSRiu
who are the best safeguards for international money transfers?,paraphrase,XMYxUcrU7qSAT9VepwQgLC
can my card be sold?,paraphrase,4PT9tRDvnZK8wDHNGtV3w2
how much does a payday loan cost?,paraphrase,6B8MyLNUgYQ6wyjuSgwd68
debt collector garnish benefits,keyword,TnBHP7zA7GtEjBHVpjPmky
happen need withdraw money military savings deposit program sdp account 120 days leaving combat zone,keyword,mP5PwoFerprDNptKjznPFF
can i use my payroll card without any costs?,paraphrase,WjNXwrsrkuXEuWXxXftu6x
price addons extended warranty guaranteed auto protection gap insurance negotiable,keyword,hRUHBSrL8QUsodmwv4nFoU
possible reverse mortgage,keyword,BaaNXnEhNokBvJMREAJmG9
what charges do payday loans come with?,paraphrase,6B8MyLNUgYQ6wyjuSgwd68
what does it take for an advertiser to qualify for an 0 for auto financing?,paraphrase,nrHoQgAiZaMnHFLorkmeZ4
I wrote a check and the person I gave it to increased the amount of the check before cashing it. The bank/credit union paid the higher amount rather than the amount I had written. What can I do?,paraphrase,FXmamWzxtMxfUSKfe8uhqP
how can i obtain a quote for my loan?,paraphrase,HU4KTnfRb2gGqekLYkmuTJ
my payday lender claims to be located in another country and therefore does not have to comply with us federal laws that protect consumers,paraphrase,ef8WQbZtF2cu3NbzsTsubk
received notice rate change adjustable rate mortgage,keyword,BUqcLxxmzY224JrXfNdDkq
what does it mean when a card bill says i'll pay my balance in three years if i pay a certain amount?,paraphrase,SRB2ZEbDAD9MAbm42PzzdQ
how should i sue the card issuer that issued my credit card?,paraphrase,ScfudJJmePoCYJafWWxHGA
what would happen if my mortgage was sold?,paraphrase,94r3ctDLTG4LfpgJHQH3Qu
are credit cards stolen when they are in the possession of unauthorized persons or are they just not used?,paraphrase,Q7yXuCFxRJ8fMh5xBtKwcn
stop debt collector asking money,keyword,jKn8rVJAt6dC6UpvWwjNnE
what should i do if my credit card bills are not delivered?,paraphrase,TrxLHoCv8Q33JszJSfDiCj
possible way compensation company cfpb proposed settle dispute,keyword,X7dS4ccp5DWdawPPiPayFK
do new purchases pay interest on a zero or low rate balance transfer?,paraphrase,MKWRAL6DB9uX2UbzUNwVuh
what should i do if i consolidate my federal student loans?,paraphrase,EUekNKjuV2FB4f4rTp7bPK
how can i pay my homeowners insurance if i have a reverse mortgage?,paraphrase,o7kobFSMkvhGgsYUS9VGEy
happen lose reverse mortgage 45 year loan term,keyword,M6mmaM4iT39nFLrwgL9XcX
tell financed mortgage loan,keyword,76VdLhshac8x9hTy4GYobZ
free credit husband wife,keyword,mcgDh8uf8UajPhJiQ4FXEN
check credit report blind,keyword,5iVr5WX3XgKXUC9KnkRfva
debt collector m listed national registry,keyword,S4sPzzotDfzWcaxqhSQxss
heard payday loan help improve credit rating true,keyword,XS5aF5AVMCbsBQxCGHkD9P
stop personal information deployed overseas,keyword,JynW2B6pqUEt4vqA5dVRpc
second appraisal flipped property,keyword,XMYjAYjAopb3hhfjfCeg5C
how do i get help with my debt owed to a debt collector?,paraphrase,7eJ2EENzfRu9N6L3G8kQHr
should you get a payday loan?,paraphrase,o2UXtZXQitcBzonbgFnTfr
information card issuers allow credit card application,keyword,FUsHoxYipF2DpdJZxxp25z
how do i get rid of bad credit data?,paraphrase,68ngEgktdknU89HZZCtt3T
should i consolidate my student loans into a federal student loan?,paraphrase,EUekNKjuV2FB4f4rTp7bPK
will my credit score decrease as my partner has a bad credit score?,paraphrase,jwbAc4xwsi2FYvjXjNaYqP
happens car late default account,keyword,Q5oynF83ykEDD3yyYdg3wk
what is prepayment interest? what do i pay for it?,paraphrase,2x8ndD325uo5jxTa8Qz4jc
s best way help having trouble va mortgage nonva mortgage payments,keyword,9uHiBUVRoC7oq2yY8c4cQ5
what happens to my student loans after graduation?,paraphrase,BqboHRyx8UeUNUZ7fScFcB
tell difference interest rate apr auto loans,keyword,6DuoKzkmQXWb2cwho7ZVZm
bad consequences credit card payment,keyword,3pycybr4mpgA3racmJLALD
true people use wire transfers steal money,keyword,irETAAXiexqnpLW6GVvwbU
federal student loan pay pay,keyword,hM4KQ3WkiEoQTVmCCWJBxG
i discovered an illegal transaction how can i get my money back?,paraphrase,Mrsddco9pYyKV5BtmEFiWv
cost pay mortgage relief company help mortgage problems,keyword,9cJoFWS77AuyP3LrfAyocy
can you list the information card issuers won't have access to when determining if a credit card is legal?,paraphrase,FUsHoxYipF2DpdJZxxp25z
debt collector contacts,keyword,iMYAx54wupdy6bTqqBtSMJ
does my broker get paid to get me a mortgage?,paraphrase,gMnqqDrn5skgbawJoJFxEv
how do i apply for college loans?,paraphrase,S6cJAgsN2WeCVviEQmTofM
tell me the difference between an adjustable rate and a fixed-rate mortgage?,paraphrase,NqouoSQh7tdXh8S5GMPgxc
happen applied credit card set terms turned offered chance apply card different terms,keyword,GgS3M8h8998z6nc5mPR5vA
share death,keyword,Yr5admgyCHF7Hrkw6iExAc
what should i do if my kids believe i can pay with credit card?,paraphrase,KCTAct7RF8yxizHJGCHBiD
tell me the meaning of survey?,paraphrase,YdTS3FJ2CEwgzNWPY9TwVj
tell best way fix lost credit card,keyword,7gxsVF3THf6tSkeBSVEH9M
bought new credit card wo nt work,keyword,CVcjcDMjxsqCizWrsT3R5u
how can i get my federal student loan back after i die?,paraphrase,M8M7b598KuPdgLmwf598rb
is it ok to pay for someone who bought things with my credit card,paraphrase,iBTd6Zp6VM3nFQSVKagJvY
can a creditor ask me about the alimony child support payments?,paraphrase,m6XtuDNjV4q98MuEfHtnBG
debt collection company contact student loans,keyword,NJeKTdZMXgkyrydncgCDMi
damage credit score pay portion credit card disputing,keyword,74Gvh37MLmFufoFuhe5cbc
what's private mortgage insurance?,paraphrase,eCrrhmmVxbi9DMh3SyCbtU
mortgage company advise avoid foreclosure,keyword,U4qBb5nTnrvXKtzTjRcqbX
if a credit union charge you to open a free checking account can i make it work?,paraphrase,RzZQZNZoTvCB95pAWVr9CY
tell me the interest percent of a mortgage?,paraphrase,cS2foyf9StTE8mA5vukvbn
mortgage terms,keyword,W8odD7Gd7P9YayjeQRecai
how can i get a debt collection agency to arrest me for debt collection?,paraphrase,j4EiYPp2pDqz5Z8UyjdPBR
problem nt use prepaid card long duration,keyword,aGzjwyeRKqjNkztQxCLJne
construction loans,keyword,PRTjQpvwFBf2tZb9gbUic6
contact debt collector deceased relatives debts,keyword,KitTQDCXSTZNxUhhMwPHpM
how does a foreclosure work?,paraphrase,FA6cWQX2aTNnCTKDs9xzse
how does credit card add-on products work?,paraphrase,iBRrXYi6ZUVqfyZLuA4SLk
contact lender discriminated unfairly impacted,keyword,T4BLrnbKfkkVXKgX5uxwLm
is it possible for a lender to consider my age in determining if i deserve credit?,paraphrase,cgE53hp4LqyHuzfbxr9zBH
credit reporting company,keyword,3XKjodwHkN47zvLMpwKc2g
appraisal,keyword,gTmrLP3P96wg8jqnjFnZ8S
happens credit report analyzed mortgage lender,keyword,dFxEEpvA4hmcZrgg65MfRF
contacted mortgage company tell,keyword,PqZxgRfjyPmyGRWN8w7mqY
does total of payments mean a mortgage?,paraphrase,2GMN8NPEjXmdJ8257M8waz
tell me the right of rescission?,paraphrase,eLQk6aWULwYmzGipNQV6Y8
how should i start paying my student loan?,paraphrase,R3g9VhFgZVRVAijj7BwBzY
new credit card work,keyword,6my69yu6pCZFNMpuwtRHr3
tell difference dealer bank financing,keyword,JEPsyB2Nmy53XVAtQzANDo
information credit card issuer base decision,keyword,FUsHoxYipF2DpdJZxxp25z
what should i do when a debt collector contacts me?,paraphrase,iMYAx54wupdy6bTqqBtSMJ
how can i pay down my mortgage faster without paying any interest?,paraphrase,GjhXveM2QoMmrJhyesZ2dx
help understand terms application prevent foreclosure mortgage,keyword,jc73xhNqm8XTvtWLJD4pij
show the buy rates for auto loans?,paraphrase,nYB7Uzt8UsKycTyfT8eefn
tell me the difference between home equity loan and a line of credit?,paraphrase,DMSBR5Fm6BSttsTTh7a5Qj
protect con artists wire transfers steal money,keyword,irETAAXiexqnpLW6GVvwbU
happens personal line credit paid,keyword,PyV3YyRWbwRcWropyWqfEp
is federal student loan better than private student loan?,paraphrase,aM5LGCi97zAaiKrp8fhJc8
tell difference conventional conventional loans,keyword,2MG4UQQYFJq7JazPTFBBkJ
initial security deposit,keyword,kdfxxv4dwahsJde5kMTTBi
how do we apply for direct plus loans?,paraphrase,HCE6eTvQStk3qWqGJA4V5z
borrow buy new car,keyword,42RC8nMYG2s5xRjNaPL3jG
tell me the difference between mortgage broker and mortgage lender?,paraphrase,M6E7izg3wBvxTwdTSvMyzs
file report shows fault credit report,keyword,2JaBAMWhw6SpjLjxYv7shW
tell unauthorized use credit card,keyword,UVNAkf6gyQ9rg443eLgTTz
what support can i get if i experience a natural disaster?,paraphrase,k3uSPHceEmQsQRWA7eDCY7
credit unions bankers payment online purchases,keyword,kamBRUKNWfJC6gQKhXH9va
m tired getting phone calls asking apply credit card,keyword,ki8F9uJv65xhrQxFqUa6Be
how can i fail on my student loans?,paraphrase,aFqkSsfRQvrxZdagSe6mwB
tell me the best thing to do after a disaster?,paraphrase,oQRVVCuoXw5tnSo4ZtJshb
what is a power of attorney?,paraphrase,mhdcssVPMTLcLWTGSk3NhB
law allows debt collector limit,keyword,WLAVdJPdk3PP4pgup3D9PQ
credit card issuer ask age income information obtain accurate social security number,keyword,gavUdZhAPAJrksVcu5t9xN
how will i be able to refinance my first mortgage?,paraphrase,Qm8EuBwfMKWQqxJiCJfzSz
what's the best way to reduce my credit limit?,paraphrase,3XKN5auxqM3aTDHLw9YgN3
can my card issuer change my mastercard card to a visa card or from a gas card to a visa card?,paraphrase,DHgnUpWsEFs54UAKahWFYW
what role does school play in the loan process?,paraphrase,9TDCrVc948A2uVx4zPovNj
credit report,keyword,FHxnwWdo8adZsuh2TH3vsp
what do i do if i pay off my home loan but i still have a credit report that is listed as unpaid?,paraphrase,7yicRjyDJyt5DTDVot6uqc
how do i dispute a charge on my credit card if i still have the card number on my unsecured statement?,paraphrase,ftkucHfTa9DsS7aJ8Z6Fbq
prepaid cards charged payment,keyword,LMYmGGauiwXwJ4oswkWvJp
what is a mortgage and what are its terms?,paraphrase,W8odD7Gd7P9YayjeQRecai
tell difference highpriced mortgage lowinterest,keyword,Ti9wwTycMbRreKgJi7o9kp
is it possible to prepay my mortgage loan at any time without penalty?,paraphrase,AHmdZjxaNZ47iG85U9L5BL
possible mastercard visa increase interest rate card notice,keyword,3TngVadKsiYhcSH2cg2AtG
I was asked to sign an ACH authorization to allow electronic access to my account in order to repay a payday loan. What is that?,paraphrase,QLPq3ij2fZhPnAGoiEAwX5
